GT;Libellé GT
PCESTEOPTA;ESTELIA OPTION A STATUTAIRE
PCESTEOPTC;ESTELIA OPTION C STATUTAIRE
PCESTEOPTB;ESTELIA OPTION B STATUTAIRE
PAUTOOP1F;CS AUTO OPTION 1 FAC
PAUTOOP2F;CS AUTO OPTION 2 FAC
PAUTOOP3F;CS AUTO OPTION 3 FAC
PAUTOOP4F;CS AUTO OPTION 4 FAC
PCAMAOPTA;AMARELLA FACULTATIVE ET OPTION A
PCAMAOPTB;AMARELLA FACULTATIVE ET OPTION B
PCAMAOPTC;AMARELLA FACULTATIVE ET OPTION C
PANIHOS23;APREVANI - Option Hospitalisation Base 2 Opt 3
PCAMAOPTD;AMARELLA FACULTATIVE ET OPTION D
PANIHOS46;APREVANI - Option Hospitalisation Base 4 Opt 6
PCESTEOPTD;ESTELIA OPTION D STATUTAIRE
PANIHOS24;APREVANI - Option Hospitalisation Base 2 Opt 4
PANIHOS26;APREVANI - Option Hospitalisation Base 2 Opt 6
PANIHOS13;APREVANI - Option Hospitalisation Base 1 Opt 3
PANIHOS15;APREVANI - Option Hospitalisation Base 1 Opt 5
PANIHOS56;APREVANI - Option Hospitalisation Base 5 Opt 6
PANIHOS57;APREVANI - Option Hospitalisation Base 5 Opt 7
PANIHOS14;APREVANI - Option Hospitalisation Base 1 Opt 4
PTRS1OP1F;CCN TRS OPTION 1 FAC V1
PTRS1OP2F;CCN TRS OPTION 2 FAC V1
PM0252A;OPTION
PEVOESO1;EVOLUTRANS CONFORT
PEVOESO2;EVOLUTRANS CONFORT PLUS
PCB843A;OPTION
PC1115C;OPTION
PCC583B;OPTION
PCC584B;OPTION
PCC584C;OPTION
PCB016B;OPTION
PCB016C;OPTION
PCA440A;OPTION
PCA941F;OPTION
PC1627B;OPTION
PCB001J;OPTION
PCA941H;OPTION
PCC443B;OPTION
PANIHOS16;APREVANI - Option Hospitalisation Base 1 Opt 6
PANIHOS34;APREVANI - Option Hospitalisation Base 3 Opt 4
PANIHOS47;APREVANI - Option Hospitalisation Base 4 Opt 7
PANIHOS12;APREVANI - Option Hospitalisation Base 1 Opt 2
PTRV2OP1F;CCN TRV V2 OPTION 1 FAC
PTRV2OP2F;CCN TRV V2 OPTION 2 FAC
PANIHOS44;APREVANI - Option Hospitalisation Base 4 Opt 4
PANIHOS55;APREVANI - Option Hospitalisation Base 5 Opt 5
PANIHOS45;APREVANI - Option Hospitalisation Base 4 Opt 5
PANIHOS35;APREVANI - Option Hospitalisation Base 3 Opt 5
PANIHOS22;APREVANI - Option Hospitalisation Base 2 Opt 2
